-- MySQL dump 10.13  Distrib 8.0.13, for Win64 (x86_64)
--
-- Host: eu-cdbr-west-01.cleardb.com    Database: heroku_f9eb2ac5979bc82
-- ------------------------------------------------------
-- Server version	5.6.50-log

/*!40101 SET @OLD_CHARACTER_SET_CLIENT=@@CHARACTER_SET_CLIENT */;
/*!40101 SET @OLD_CHARACTER_SET_RESULTS=@@CHARACTER_SET_RESULTS */;
/*!40101 SET @OLD_COLLATION_CONNECTION=@@COLLATION_CONNECTION */;
 SET NAMES utf8 ;
/*!40103 SET @OLD_TIME_ZONE=@@TIME_ZONE */;
/*!40103 SET TIME_ZONE='+00:00' */;
/*!40014 SET @OLD_UNIQUE_CHECKS=@@UNIQUE_CHECKS, UNIQUE_CHECKS=0 */;
/*!40014 SET @OLD_FOREIGN_KEY_CHECKS=@@FOREIGN_KEY_CHECKS, FOREIGN_KEY_CHECKS=0 */;
/*!40101 SET @OLD_SQL_MODE=@@SQL_MODE, SQL_MODE='NO_AUTO_VALUE_ON_ZERO' */;
/*!40111 SET @OLD_SQL_NOTES=@@SQL_NOTES, SQL_NOTES=0 */;

--
-- Current Database: `heroku_f9eb2ac5979bc82`
--

CREATE DATABASE /*!32312 IF NOT EXISTS*/ `heroku_f9eb2ac5979bc82` /*!40100 DEFAULT CHARACTER SET utf8 COLLATE utf8_hungarian_ci */;

USE `heroku_f9eb2ac5979bc82`;

--
-- Table structure for table `attraction`
--

/*!40101 SET @saved_cs_client     = @@character_set_client */;
 SET character_set_client = utf8mb4 ;
CREATE TABLE `attraction` (
  `id` bigint(20) NOT NULL AUTO_INCREMENT,
  `address` varchar(255) COLLATE utf8_hungarian_ci DEFAULT NULL,
  `description` longtext COLLATE utf8_hungarian_ci NOT NULL,
  `last_modified_by` varchar(255) COLLATE utf8_hungarian_ci DEFAULT NULL,
  `last_modified_date` datetime DEFAULT NULL,
  `name` varchar(255) COLLATE utf8_hungarian_ci NOT NULL,
  `visit_time` int(11) NOT NULL,
  `website` varchar(255) COLLATE utf8_hungarian_ci DEFAULT NULL,
  `city_id` bigint(20) DEFAULT NULL,
  `type_id` bigint(20) NOT NULL,
  PRIMARY KEY (`id`),
  KEY `FKc436ijojgcmbulf3madljri9c` (`city_id`),
  KEY `FKctkclre0fk7kmpfbprb47glwy` (`type_id`),
  CONSTRAINT `FKc436ijojgcmbulf3madljri9c` FOREIGN KEY (`city_id`) REFERENCES `city` (`id`),
  CONSTRAINT `FKctkclre0fk7kmpfbprb47glwy` FOREIGN KEY (`type_id`) REFERENCES `type` (`id`)
) ENGINE=InnoDB AUTO_INCREMENT=505 DEFAULT CHARSET=utf8 COLLATE=utf8_hungarian_ci;
/*!40101 SET character_set_client = @saved_cs_client */;

--
-- Dumping data for table `attraction`
--

INSERT INTO `attraction` (`id`, `address`, `description`, `last_modified_by`, `last_modified_date`, `name`, `visit_time`, `website`, `city_id`, `type_id`) VALUES (5,'Múzeum krt. 14-16','1802. november 25-én gróf Széchényi Ferenc úgy döntött, hogy gazdag gyűjteményeit „édes hazámnak és a közösségnek hasznára és javára mindörökre és visszavonhatatlanul adományozom, átadom és átruházom”. A nagylelkű adományt uralkodói jóváhagyás erősítette meg. Bár az új intézmény az alapítólevélben változó nevekkel szerepelt (Nemzeti Könyvtár, Országos Múzeum, Nemzeti Múzeum), a kor fogalmai szerint Széchényi gróf a magyar nemzeti könyvtárat alapította meg – ám kezdettől fogva azzal a lehetőséggel, amit a nemes gesztusért köszönetet mondó 1807. évi 24. törvény így fogalmazott meg: az adományozó gróf „terjedelmes és válogatott könyvtárát, valamint kiváló gondossággal és költekezéssel gyüjtött ritka pénzérmeit s jeles családok czimereit, ugyszintén földabroszait, képeit és kéziratait a magyar nemzet használatára, teljes joggal, átirta és ezekkel egy fölállitandó nemzeti muzeum alapjait dicséretes buzgósággal lerakta.','alma@gmail.com','2021-04-11 22:31:29','Magyar Nemzeti Múzeum',3,'mnm.hu',5,5),(25,'Andrássy út 60','A 2012-ben megnyílt Terror Háza Múzeum, a háromemeletes neoreneszánsz épületében a 20. századi diktatúrák áldozatainak állít emléket. Az Andrássy úton található épület szemtanúja volt a korszakot meghatározó nemzetszocialista mozgalom kegyetlenségeinek. A Szálasi féle villa akkoriban kapta a Hűség Háza nevet és itt tartották gyűléseiket. Az 1940-es években már begyűjtőhelyként és börtönként is funkcionált, itt tartották fogva az ellenállókat. A II. világháborút követően az épület a ÁVO és ÁVH emberei kezére került, akik átalakították és kibővítették egy pincebörtön rendszerrel. Ekkor a kommunista rendszer ellenségeinek kikiáltott embereket kínozták és ölték meg itt. Az egykori Hűség Háza, majd később ÁVO és ÁVH székház 1956-ig volt az állami terror központja. A 2000-es évek elején vásárolta meg egy közalapítvány az épületet és alakították ki benne a Terror Háza Múzeumot.','alma@gmail.com','2021-04-12 22:45:35','Terror Háza',3,'terrorhaza.hu',5,5),(35,'Szentháromság tér, 1014','A Halászbástya Budapest egyik legismertebb műemléke, amely a budai várban, Budapest I. kerületében található. A neoromán kilátóteraszokról látható páratlan budapesti panoráma miatt a legjelentősebb idegenforgalmi látványosságok közé tartozik. A Halászbástya Dunával párhuzamos főhomlokzata mintegy 140 méter hosszúságú, amelyből a déli folyosószárny hossza mintegy 40 méter, az északié 65 méter, míg a díszes középső mellvédfal 35 méter hosszú. Csúcsos süvegű kőtornyai a hét magyar honfoglaló vezért szimbolizálják.','alma@gmail.com','2021-04-12 23:13:01','Halászbástya',2,'budavar.hu',5,15),(45,'Antall József rakpart','A külföldi média által is gyakran népszerűsített kompozíció a Duna partján, a Steindl Imre utca közelében áll. Az 1944-45 során a Nyilaskeresztes Párt pribékjei által ártatlanul a Dunába lőtt magyar zsidóknak állít maradandó emléket. Az általában tömegesen végrehajtott kivégzések során az áldozatokat arra kényszerítették, hogy sorba rendezve álljanak a Duna partján, majd (jobb esetben tarkólövéssel) a Dunába lőtték őket. Az emlékmű három pontján is kovácsoltvas tábla hirdeti: \\\"A nyilaskeresztes fegyveresek által Dunába lőtt áldozatok emlékére állíttatott 2005. április 16-án.\\\" Az emlékmű helye szimbolikus, hiszen a budapesti Duna-part szinte minden pontjáról megtörtént, hogy zsidókat lőttek a Dunába, különösen a Margit-sziget északi része felőli oldalon.','alma@gmail.com','2021-04-13 00:38:00','Cipők a Dunán',1,'',5,25),(55,'Gellérthegy','A Gellért-hegyi Szabadság-szobor Budapest egyik jelképe, felemelt kezében pálmaágat (a győzelem és a béke jelképét) tartó nőalak, Kisfaludi Strobl Zsigmond 1947-ben elkészült alkotása. Az eredeti, több kisebb szobrot is magába foglaló kompozíció hivatalos elnevezése Felszabadulási emlékmű volt; a német hadsereget Budapestről kiverő szovjet hadsereg haditettének emlékére állították. A szocialista rendszer bukása és a szovjet felszabadítás átértékelése után a szoboregyüttest némileg átalakították és a szovjetekre való utalásokat, mint például a szobor előterében álló (kezében PPS–41 géppisztolyt tartó) 4 méter magas szovjet katona szobrát is eltávolították. A katona szobrát 1956-ban már ledöntötték, de a forradalom bukása után azt pótolták,[1] majd 1992-ben végleg a Memento Parkba került. A szobor talapzatán lévő feliratot is megváltoztatták, ezzel új értelmezést adva Budapest egyik leglátványosabb nevezetességének. A szabadságot szimbolizáló nőalak a felállítása után hamarosan a város egyik legfontosabb jelképévé vált.','alma@gmail.com','2021-04-13 00:51:07','Citadella',3,'',5,25),(65,'Városliget','A közel két méter magas szobor a Városligetben a Vajdahunyad vára mellett található. Anonymus = névtelen. Valószínűleg valamelyik Béla király jegyzője lehetett (I-II-III.IV.). Talán a legnagyobb az esély, hogy IV. Bélának dolgozott. Egyike annak a 10 szobornak, melyeket a XX. század elején I. Ferenc József adományozott a nemzetnek. Talapzatát Bálint Zoltán és Jámbor Lajos építészek tervezték.','alma@gmail.com','2021-04-13 00:54:49','Anonymus Szobor',0,'',5,25),(75,'Hősök Tere','A Hősök tere Budapest legtágasabb, legnagyobb hatású tere a XIV. kerületben, szűkebb értelemben véve a Millenniumi emlékművet jelöli. A Hősök tere az előtte fekvő Andrássy úttal együtt a Világörökség része.','alma@gmail.com','2021-04-13 01:01:15','Hősök Tere',1,'',5,35),(85,'Clark Ádám tér','A Budavári sikló (korábban Budai Hegypálya) egy különleges vasút, Budapest I. kerületében a Budavári Palota megközelítésének egyik eszköze, Budapest Duna-parti látképének szerves részeként 1987 óta az UNESCO Világörökség listáján is szerepel.','alma@gmail.com','2021-04-13 01:07:08','Budavári Sikló',0,'',5,5),(95,'Szent István tér 1','A Szent István-bazilika (németül: St.-Stephans-Basilika, ismert még mint Lipótvárosi plébániatemplom), egy neoreneszánsz stílusú basilica minor rangú székesegyház Budapest V. kerületében, Lipótvárosban. Ez Magyarország egyik legjelentősebb egyházi épülete, az Esztergom-Budapesti főegyházmegye társszékesegyháza az Esztergomi bazilika mellett. Az épület névadója a magyar államalapító király, Szent István, akinek épségben maradt jobb kezét, a Szent Jobbot ereklyeként itt őrzik. 96 méteres magasságával ez az az ország egyik legmagasabb, valamint az Országház után a főváros második legmagasabb épülete.','alma@gmail.com','2021-04-13 01:13:44','Szent Istvan Bazilika',2,'',5,45),(105,'Radnóti Miklós u. 18','A Flippermúzeum a világ vezető utazási site-ján, gyakorlatilag megnyitása óta Magyarország legnépszerűbb múzeuma. A gyűjtemény összesen több mint 140 szabadjátékra állított, játszható géppel rendelkezik, az első hagyományos gépektől kezdve 1947-ből, valamint flipper elődökkel a XIX. századból, a modern flipperekig (valamint néhány népszerű játéktermi videójátékig). Európa legnagyobb folyamatosan nyitva tartó interaktív flipper kiállításaként a múzeum a világsajtó visszatérő szereplője (BBC, New York Times, Frankfurter Allgemeine Zeitung stb).','alma@gmail.com','2021-04-13 01:19:16','Flippermúzeum',4,'flippermuzeum.hu',5,5),(115,'Lovas út 4/c','A Sziklakórház Történeti Akadémiája egy kiterjesztett múzeumi élmény program, amit a fenntartható fejlődés jegyében fejlesztettünk. Akkreditált képzéseink több mint 10 év szakmai munkáját rendszerezik.\r\ne-learning adatbázisba írott anyagok, videók, webináriumok segítségével, amit múzeumi tárlatvezetéssel, tesztekkel, előadásokkal színesítünk.\r\n','alma@gmail.com','2021-04-13 01:25:15','Sziklakórház Atombunker Múzeum',2,'ziklakorhaz.eu',5,5),(125,'Liberty Island','A Hudson torkolatánál, Liberty Islanden álló rézszobor New York egyik legismertebb látnivalója. A szabadságot jelképező, fáklyát tartó nőt Franciaország adományozta az Egyesült Államoknak a függetlenségi nyilatkozat aláírásának centenáriumára. 1886-ban készült el, azóta a városkép meghatározó tagja. Felállításában nagy szerepe volt a magyar származású Pulitzer Józsefnek, aki a szobor talapzatának megépítéséhez indult.','alma@gmail.com','2021-04-13 01:40:50','Szabadság-szobor',4,'nps.gov/stli/index.htm',95,25),(135,'Central Park','A Central Park (magyarul am. központi park) egy 3,41 km² (4 km×800 m) területű nyilvános park Manhattan szívében, New York városában. A Central Park az 50. utcáktól, a város kereskedelmi negyedétől egészen a 110. utcákig, vagyis a Harlemig húzódik. A parkba sétálni, kocogni, görkorcsolyázni járnak a helyiek és a turisták. A Central Park 150 éves is elmúlt. Mivel rengeteg filmben és tévésorozatban látható, a világ egyik leghíresebb parkja.\\r\\n\\r\\nA parkot Frederick Law Olmsted és Calvert Vaux tervezték. Bár nagy része természetesnek tűnik, valójában gondos tervezés eredménye, több mesterséges tó, sétány, két korcsolyapálya, egy vadaspark és több, sportolásra használható füves terület és játszótér található itt. A vándormadarak gyakran megtelepednek a parkban, ezért a madárbarátok is szeretnek itt tartózkodni. A kocogók, biciklisták és görkorcsolyázók körében népszerű a parkot körülvevő 10 km hosszú út, különösen hétvégenként és este 7 után, amikor az autóforgalom be van tiltva.','alma@gmail.com','2021-04-13 01:44:40','Central Park',5,'centralparknyc.org',95,55),(145,'20 W 34th St.','Az Empire State Building a világ talán leghíresebb felhőkarcolója számos hollywoodi kasszasikernek nyújtott hátteret. 1931. május 1-jén nyitotta meg kapuit, azóta minden New Yorkba látogató turista számára kötelező program, ma is naponta 10-20.000 látogató keresi fel.','alma@gmail.com','2021-04-13 01:47:46','Empire State Building',2,'esbnyc.com',95,65),(155,'Állatkerti krt. 6-12','A Fővárosi Állat- és Növénykert a világ egyik legrégibb állatkertje: 1866. augusztus 9-én nyitotta meg kapuit a nagyközönség előtt. Így a patinás intézmény most vasárnap ünnepli 154. születésnapját. A közelgő évforduló alkalmából sajtótájékoztatót tartottak az Állatkertben, bemutatva a sok kisállatot és újdonságot, amelyekkel a közönség a városligeti intézményben láthat. A kert néhány lakója pedig játékokat is kapott az Állatkert Alapítványától.\r\n','alma@gmail.com','2021-04-13 01:52:05','Fővárosi Állat- és Növénykert',5,'zoobudapest.com',5,75),(165,'Kossuth Lajos tér 1-3','Az Országház Budapest egyik legismertebb középülete, a Magyar Országgyűlés és egyes intézményeinek (például Országgyűlési Könyvtár) székhelye. Budapest V. kerületében, a Duna bal partján, a Kossuth Lajos téren található. Bár az épületre vonatkozóan a köznyelvben a Parlament elnevezés is elterjedt, ez valójában az ott ülésező testület, az Országgyűlés idegen eredetű megnevezése.','alma@gmail.com','2021-04-13 01:55:02','Országház',2,'parlament.hu',5,65),(175,'Ybl Miklós tér 2-6','A Várkert Bazár területén múlt és jelen, klasszikus és modern, kultúra és szórakozás elragadó harmóniában létezik, így válik alkalmassá arra, hogy a legkülönfélébb programok, koncertek, kiállítások, kezdeményezések befogadó tereként működjön.\\r\\nA Várkert Bazár területén található kiállító terek, multifunkciós rendezvénytér, neoreneszánsz kert, az éttermek és a kávéház mind azt a célt szolgálja, hogy az ide látogatók az év minden időszakában megtalálják a szórakozás, kulturált kikapcsolódás, találkozás lehetőségét.\\r\\nA komplexum időszaki kiállításoknak, kültéri és beltéri rendezvényeknek is helyet ad.\r\n','alma@gmail.com','2021-04-13 01:59:36','Várkert Bazár',2,'varkertbazar.hu',5,15),(185,'Széchenyi Lánchíd','Első állandó Duna-hidunk, a Lánchíd háromnyílású, kőpilléres, merevítő-tartós függőhíd. Az 1838. évi árvízben elpusztult város feltámadásának és világvárossá fejlődésének szimbóluma. Első közös építménye Budának és Pestnek, amelyekből - forma szerint - csak negyedszázaddal később jött létre Budapest. Az 1839-49 között felépült híd korának legkiemelkedőbb műszaki alkotása volt. Nemcsak a Regensburg alatti, csaknem 2400 km hosszú Duna szakasz első állandó hídja, hanem akkor a világ láncokra függesztett legnagyobb és mindmáig legszebbek között nyilvántartott hídja lett.','alma@gmail.com','2021-04-13 02:03:33','Széchenyi Lánchíd',1,'',5,85),(195,'Szent István tér','A Szegedi Víztorony különleges stílusának köszönhetően a város egy elég jellegzetes épülete. Az 1904-ben, a vasbetonépítés úttörőjeként is emlegetett Zielinski Szilárd tervei alapján készült víztorony a szegedi Szent István tér éke. A torony 54,9 méter magas és teljes terjedelmében vasbetonból készült, beleértve a bejárati ajtót, valamint a csúcsán elhelyezkedő zászlótartó rudat is.\r\nA kicsivel több mint 1000 köbméter víz tárolására alkalmas objektum a mai napig is eredeti funkcióját látja el, mindemellett látogatható is. Belsejében Foucault-inga és fizikatörténeti kiállítás várja a kíváncsi érdeklődőket, tetejéről pedig páratlan szegedi panoráma nyílik az utazó számára','alma@gmail.com','2021-04-13 13:46:34','Szegedi Víztorony',1,'',15,65),(205,'Dóm tér 15','1880. november 28-án úgy döntöttek a városatyák, hogy fogadalomból, az újabb árvizektől való menekülésért templomot építenek.\\r\\nA templom helye sokáig kérdéses volt, amg találtak egy megfelelő telket és egy pénzügyileg elfogadható tervet.\\r\\nSchulek Frigyes, a templom első tervének készítője először neoromán stílusú templomot szeretett volna és a párizsi Sacré-Cœur bazilika mintájára alapozott, ezt is fehér kővel akarta burkolni.\\r\\nTervét azonban átgondolta és módosította Foerk Ernő segítségével, aki inkább a lombardiai tégla-architektúrához vonzódott, ez lényegesen olcsóbb volt. Foerk tervezeteit 1913. márciusában elfogadta a városvezetés.\\r\\nA templom alapkövét 1914. június 21-én rakták le ünnepélyes ceremónia keretében, habár az építkezést mát 1913-ban megkezdték.\\r\\nAz első világháború során megszakították a munkát, csak 1923-ban folytatták tovább. A szegedi dóm Magyarország egyik legnagyobb bazilikájának nevezett temploma.','alma@gmail.com','2021-04-13 13:52:49','Szegedi Dóm',1,'',15,45),(215,'Széchenyi tér 10','A szegedi Sóhajok hídja a Széchenyi téren a Városháza és a Bérpalota épületét köti össze. 1883-ban épült, Lechner Ödön és Pártos Gyula építészek tervezték a velencei Sóhajok hídjának mintájára. Ferenc József tiszteletére készült, annak alkalmából, hogy az 1879-es szegedi nagy árvíz után ellátogatott a már újjáépített városba. Ittléte alatt a császár a Bérpalotában szállt meg, ahonnan a Városháza épületébe a kis hídon keresztül sétálhatott át.','alma@gmail.com','2021-04-13 13:57:55','Sóhajok hídja',1,'',15,85),(225,'Magyar Ede tér 2','Szeged egyik leghíresebb utcájában, a Kárász utcán kapott helyet a Millennium díszkút. A szobor Tóbiás Klára munkája, melyet 2000-ben avattak fel a Kárász ház épülete előtt, Szent István király koronázásának ezredik évfordulójának alkalmából. A mű  bronzból és mészkőből készült. kialakítása pedig elég különleges. Szent István címerállatai az oroszlánok voltak -a királyi jogaron valamint a koronázó paláston is ez az állat látható-, így ez az állat a díszkút egyik főeleme. A hármas talpazatú mészkő alapon áll a négy oroszlán, melyek szárnyaikkal tartják az országalmát. A négy állat különböző jelképekkel bírnak, a kelet felé forduló oroszlán a hitet, az északra néző a bátorságot szimbolizálja, míg a nyugati a becsületet, a déli pedig a fényt.','alma@gmail.com','2021-04-13 14:02:17','Millenniumi díszkút',0,'',15,95),(235,'Huszár Mátyás rkp','100 évvel az 1879. március 12-i árvíz után avatták fel Segesdy György krómacélból készült emlékművét, amely már messziről felhívja magára figyelmet. A hajnali 2 órakor betört víz felbecsülhetetlen anyagi károkat okozott, és döntő csapást mért a város ősi életformájára, egyéniségére, viszont a fejlődés páratlan lehetőségeit is megnyitotta előtte.\\r\\nA műalkotás az egymásnak feszülő hullámokkal egyrészt a természet erejét, másrészt az ember diadalmas helytállását szimbolizálja. Az emlékműhöz közelítve fekete gránitoszlopok kísérnek, a fekete emlékoszlopokon azon nagyvárosok címerei láthatóak, amelyek a katasztrófa után a legtöbb segítséget nyújtották abban, hogy Szeged újjáépülhessen. Külön emlékoszlopot állítottak Róma, Brüsszel, Berlin, Párizs, London és Bécs jó szándékú polgárai tiszteletére.','alma@gmail.com','2021-04-13 14:05:50','Árvízi emlékmű',0,'',15,25),(245,'Kárász u. 4','Az ország legelső Kossuth Lajos szobra Szegeden látható a Klauzál téren. A szobrot Róna József szobrászművész készítette. A műalkotást 1902-ben avatták fel Kossuth Lajos születésnapjának századik évfordulóján.\r\n','alma@gmail.com','2021-04-13 14:09:32','Kossuth Lajos-szobor',0,'',15,25),(255,'Boldogasszony sugárút','Szeged belvárosában, a Boldogasszony sugárút fölött csodálhatjuk a Hősök Kapuját. Az I. Világháború elesett szegedi katonáinak emlékére készült a neoklasszicista stílusú művészeti emlékmű.\r\nA kapu építésének ötlete Klebelsberg Kunótól származik, aki Pogány Móric építőművészre bízta annak megtervezését 1930-ban. Az építmény célja elsősorban az lett volna, hogy a Boldogasszony-sugárút felől a Gizella tér lezárt legyen, úgy, hogy a forgalom mégis zavartalanul haladhasson tovább a boltív alatt.','alma@gmail.com','2021-04-13 14:14:01','Hősök kapuja',0,'',15,25),(265,'Stefánia 5','Az Erzsébet Királyné-szobrot eredetileg 1907-ben avatták fel a Stefánián, amely 40 évig állt a helyén. Ezután lebontották a Lenin-Sztálin emlékmű elhelyezése miatt. Az 1950es években sajnos a Városháza udvarán porosodott. 40 évvel később visszakerült eredeti helyére a Várkert rekonstrukciója során 1997-ben.','alma@gmail.com','2021-04-13 14:17:35','Erzsébet Királyné-szobor',0,'',15,105),(275,'Szent-Györgyi Albert u. 2','A Napfényfürdő Aquapolis Szeged legnagyobb fürdőkomplexuma, ahol nemcsak a feltöltődésre, hanem a gyógyulásra, sportolásra vágyók is megtalálják a megfelelő elfoglaltsági formát. A Magyar Fürdőszövetség Minősítő Bizottsága által mind élményfürdő, mind gyógyfürdő kategóriában 5 csillagos minősítést kapott, amely méltán emeli ki a régió fürdői közül. A négy évszakos vízi város külső és belső medencéi több mint 4 400 m2-es vízfelülettel várják a vendégeket. Európa leghosszabb éves üzemelésű vízicsúszdája a maga 272 m hosszúságával méltán vált az adrenalinimádók kedvencévé. \',\'\',4,\'\r\n','alma@gmail.com','2021-04-13 14:21:53','Napfényfürdő Aquapolis',4,'napfenyfurdoaquapolis.com',15,115),(285,'Szél u. 90','Szeged csodás városában található a Szegedi Vadaspark, mely az ország egyik legnagyobb és legfiatalabb állatkertje. A nagyközönség előtt 1989 tavaszán nyitotta meg kapuit, mely hamar a látogatók kedvencévé vált. A Napfény városában ezen létesítmény kezdetben csak 3 hektáron terült el, melyen elsősorban veszélyeztetett fajokat tartottak, ezek közül pedig a dél-amerikai állatokat bemutató terület volt a legkiemelkedőbb. A parkban a kezdetben a kis területre való tekintettel nem volt lehetőség nagy testű állatok gondozására, erre csak a későbbi bővítések alkalmával került sor.','alma@gmail.com','2021-04-13 14:26:04','Szegedi Állatkert',4,'zooszeged.hu',15,75),(295,'Lövölde út 40','A kolozsvári egyetem Szegedre költözése után, 1922-ben a város 20 kh szántóföldet ajándékozott az egyetemnek füvészkert létesítése céljából. A növényekkel történő betelepítést az alapító igazgató, Győrffy István kezdte meg. A füvészkert máig az egyetem fenntartásában működik, az oktatást és a kutatást szolgáló, de a nagyközönség számára is nyitott gyűjteményként. A kert rendszerezetten mutatja be a gazdasági jelentőségű fajokat, így a gyógy- és fűszernövényeket, a festő-, rost- és élelmiszernövényeket, de részt vesz a védett növények megóvásában is. Különlegesség a több mint 80 éve a gyűjteménybe került indiai lótusz, amely a füvészkerti kút artézi vizével feltöltött tóban megtalálta életfeltételeit, Közép- Európa legnagyobb szabadföldi állományát alkotja.','alma@gmail.com','2021-04-13 14:30:11','Füvészkert',3,'fuveszkert.u-szeged.hu',15,55),(305,'Széchenyi tér','Közép-Európa egyik legszebb terét, többek között, rengeteg fa, virágok, szökőkutak, szobrok, és szép épületek teszik igen vonzóvá. A Széchenyi tér a Kárász utca folytatása, színhelye a szegedi karácsonyi vásárnak, Borfesztiválnak, szilveszteri mulatságnak, illetve egyéb koncerteket, vásárokat, fesztiválokat, és rendezvényeket is tartanak itt.\r\nSzámos fontos középület működik itt: a főposta, a városháza, bíróságok, bankok. A gyönyörűen parkosított téren évszázados platánfák, tiszafák, magnóliák, és császárfák állnak, a teret tavasztól őszig szemet gyönyörködtető, színes virágok borítják. A tér területén állandó, ingyenes wi-fi érhető el. A Széchenyi tér mindig hangulatos, és mindig sokan sétálnak itt, vagy piknikeznek, napoznak, beszélgetnek a padokon, és a fűben.','alma@gmail.com','2021-04-16 01:36:51','Széchenyi tér',1,'',15,35),(315,'Roosevelt tér 1-3','A Tisza-parton áll, az előzőekben bemutatott nevezetességektől könnyedén, gyalog elérhető az 1883-ban megnyitott Móra Ferenc múzeum, melynek jelenlegi épülete 1896-ban készült el.\r\nMóra Ferenc nevét 1950-ben vette fel, amikor különválasztották a Somogyi könyvtártól. Jelentős a múzeum régészeti gyűjteménye, mintegy 270 ezer kiállítási tárggyal. Segítségükkel már a honfoglalás előtti időktől megismerhetjük a magyarok, és a Kárpát-medence történetét. Ezen felül természettudományi (50 ezer műtárggyal), néprajzi, numizmatikai (57 ezer érmével) kiállítások csodálhatók meg. És rendszeresen érdekes időszaki kiállításokat tartanak','alma@gmail.com','2021-04-16 01:43:35','Móra Ferenc múzeum',2,'moramuzeum.hu',15,5),(325,'','A Kárász-utcáról kiindulva könnyedén megközelíthető ez a szép nevezetesség. A szecessziós építészet remekműve 2007-ben, építésének 100. évfordulóján született újjá. A Szeged, és Magyarország-szerte egyedülálló formavilágú remekművet a “magyar Gaudi”, Magyar Ede tervezte, Reök István vízügyi mérnök számára.\r\nAz 1907-ben épült palota leginkább Antoni Gaudi Barcelonában található organikus lakóházaihoz hasonlítható. Felújítása, 2007 óta, ideköltözött a Regionális Összművészeti Központ, így a palotában festészeti, és fotókiállításokat, különböző irodalmi, színházi, és zenei programokat tartanak, és itt működik a városi képtár is. A palota újbóli, 2007. augusztusi megnyitását egy Goya-kiállítással “ünnepelték”. Azóta is rendszeres időszaki kiállításokat tartanak itt. Belső tere, Fekete Pál szegedi kovácsművész kovácsoltvas korlátaival, amelyek a kinti, az épület külső részén található virágmotívumokkal harmonizálnak, szintén különleges.','alma@gmail.com','2021-05-08 18:24:26','Reök-palota',2,'reok.hu/hu/',15,65),(335,'Tisza Lajos krt. 24','A belvárosi, a Széchenyi térhez közeli gyógy- termál és élményfürdő 1896-ban nyitott, és 2004-ben teljes körűen felújították. A műemlék épületben működő fürdő wellness szolgáltatásokban nem annyira erős, nincs annyi szauna, és élménymedence mint a Napfényfürdőben, de annál jóval olcsóbb is ide a belépő. Emellett egy patinás, hangulatos, gyönyörű belső terű fürdőről van szó. Érdemes tehát az Anna fürdőt is kipróbálni, amennyiben Szegeden járunk, és wellnessezni szeretnénk. Az Anna-fürdő gyógyvizét a fürdő melletti kútból mindig sokan veszik magukhoz.','alma@gmail.com','2021-05-08 18:34:08','Anna fürdő',3,'szegedsport.hu/intezmenyek/anna-furdo',15,115),(345,'Jósika u. 10','Az 1900-1902 között épült zsinagóga Magyarország 2., és a világ 4. legnagyobb zsinagógájának számít. Az eklektikus stílusú épületet 2017-ben felújították. Rendszeresen tartanak benne komoly- és könnyűzenei koncerteket.','alma@gmail.com','2021-05-08 18:46:01','Új zsinagóga',2,'szzsh4.wixsite.com/szzsh/',15,45),(355,'Szélmalom u. 2/a','\"Nem fúj a szél, nem forog a dorozsmai szélmalom...\"\r\nKiskundorozsmán az első szélmalom 1801-ben épült. A robosztus épületek mindig is nevezetességnek számítottak, magukra vonták a figyelmet. Dombokra épültek, hogy a szél könnyebben meghajthassa vitorláit. A tanyavilágban a szétszórtan élő emberek szívesen gyűltek össze a malomban, hogy eszmét és híreket cseréljenek egymással. Sőt, sokszor a leányválasztás is a malomban történt.','alma@gmail.com','2021-05-08 18:59:41','Dorozsmai Szélmalom Szeged-Kiskundorozsma',2,'dorozsmaimuvhaz.atw.hu/',15,65),(365,'Népkert sor','Szeged legnagyobb parkja, mintegy 15 ha nagyságú, Újszegeden, a Belvárosi híd vonalában található. A mai liget helyén burjánzó ősvadont egy császári tiszt, az olasz vándorzászlóalj ezredese, báró Reitzenstein Vilmos és katonái alakították át 1858-ban. Látványos barokk kertet hoztak létre, amelynek tengelyét mára óriásira nőtt platánok szegélyezik, a gyepes tisztásokat idős hársak, tölgyek, juharok árnyékolják. Itt működik a Szabadtéri Játékok kisebbik játszóhelye és néhány egyetemi sportpálya is. A liget híd felőli végén áll a Szent Erzsébet templom, mellette szökőkúttal díszített pihenőteret alakítottak ki. Az Erzsébet-liget tavaly befejeződött felújítása révén új szabadidős lehetőségek válnak elérhetővé a városlakók és a Szegedre látogató vendégek számára. Szabadtéri edzőtermek, sportpályák, korszerű futópálya várja a sport kedvelőit. A Liget majálisok és gasztronómiai fesztiváloknak\r\nhelyszíneként is szolgál.','alma@gmail.com','2021-05-08 19:07:03','Erzsébet-liget',2,'szegedtourism.hu/hu/erzsebet-liget/',15,55),(375,'Champ de Mars, 5 Avenue Anatole France','A világ legismertebb épületét ma Párizstól elválaszthatatlannak tekintjük. De ez nem volt mindig így. Építője, Gustave Eiffel először Barcelonának ajánlotta fel, de a katalán város polgármesterének nem tetszett az ötlet. Végül is Párizsban is nehezen, nagy ellenkezéssel szemben épült fel. De a hatalmas siker igazolta Eiffel vízióját - ma az Eiffel-torony a világ leglátogatottabb fizetős látványossága: évente közel 7 millió ember ment fel a toronyba, míg megépítése óta több, mint 250 millió. De a kezdeti ellenkezések leküzdése után sem volt \"könnyű élete\" a hölgynek: villám csapott bele, szélhámos ócskavas-kereskedők többször is eladták, majd Hitler le akarta bontatni, és fegyvereket akart gyártatni belőle (Hitler egyébként se volt Párizs barátja, a II. világháború végén parancsot adott Párizs felégetésére, de ezt a város kormányzója megtagadta)','alma@gmail.com','2021-05-08 19:27:36','Eiffel-torony',4,'toureiffel.paris/fr',205,65),(385,'Rue de Rivoli','A világ legismertebb épületét ma Párizstól elválaszthatatlannak tekintjük. De ez nem volt mindig így. Építője, Gustave Eiffel először Barcelonának ajánlotta fel, de a katalán város polgármesterének nem tetszett az ötlet. Végül is Párizsban is nehezen, nagy ellenkezéssel szemben épült fel. De a hatalmas siker igazolta Eiffel vízióját - ma az Eiffel-torony a világ leglátogatottabb fizetős látványossága: évente közel 7 millió ember ment fel a toronyba, míg megépítése óta több, mint 250 millió. De a kezdeti ellenkezések leküzdése után sem volt \"könnyű élete\" a hölgynek: villám csapott bele, szélhámos ócskavas-kereskedők többször is eladták, majd Hitler le akarta bontatni, és fegyvereket akart gyártatni belőle (Hitler egyébként se volt Párizs barátja, a II. világháború végén parancsot adott Párizs felégetésére, de ezt a város kormányzója megtagadta).','alma@gmail.com','2021-05-08 19:34:51','Louvre múzeum',6,'louvre.fr/',205,5),(395,'35 Rue du Chevalier de la Barre','A 130 méter magas Montmartre hegy Párizs legmagasabb pontja, ahonnan csodálatos kilátás nyílik a városra. Számos művész élt, és alkotott ebben az inspiratív környezetben, pl. Picasso, Monet, Dali, vagy Van Gogh. A Sacré-Coeur előtt lévő lépcsőn a kilátás mellett sokszor remek zenészek játékát is élvezhetjük. A hangulat itt napközben, és éjjel is fantasztikus. A 234 lépcsőn odavezető út is izgalmas: Párizs egy igen szép részén, fantasztikus házak között követhetjük Amélie útját.\r\nA csodálatos szépségű Sacré-Coeur bazilika a francia-porosz háborúban elesett francia katonák emlékére épült, akik lelki üdvéért még ma is folyamatosan imádkoznak a bazilikában. A Sacré-Coeur belső tere nem olyan szép, mint számos más párizsi egyházi épületé, de a hangulat, a kilátás, és a Sacré-Coeur külső homlokzata miatt kihagyhatatlan látnivalónak számít. A Sacré-Coeur 39 évig tartó építkezése 1914-ben fejeződött be, az I. Világháború után, 1919-ben avatták fel. A Sacre Couer kupolájába is fel lehet menni, ahonnan gyönyörű a kilátás (300 lépcső, lift nincs).','alma@gmail.com','2021-05-08 19:42:01','Sacré coeur bazilika',2,'sacre-coeur-montmartre.com/',205,45),(405,'Champs-Élysées','Párizs legnagyobb presztízsű, és legszélesebb sugárútján, a 2 km hosszú, 70 méter széles Champs-Élysées-n minden valamirevaló márka képviselteti magát csillogó üzleteivel. Számos színház, és kávézó is elhelyezkedik itt. A világ leghíresebb utcájaként, és leggyönyörűbb sugárútjaként Európa legdrágább bérleti díjaival találkozhatunk itt: egy 100 négyzetméteres üzlethelyiség bérléséért évi 1,25 millió dollárt kell fizetni.','alma@gmail.com','2021-05-08 19:52:21','Champs-Élysées',3,'',205,125),(415,'6 Parvis Notre-Dame - Pl. Jean-Paul II','A Notre Dame alapkövét 1163-ban fektette le III. Sándor pápa, ezután 157 évig építették. Több jelentős eseménynek helyszíne volt a francia történelem folyamán, így királyok, köztük Napóleon megkoronázásának, vagy királyi esküvőknek. A Notre Dame 113 regiszteres, és 5 manuálos nagyorgonáját ma a világ egyik legjobb hangszerének tartják. Évente 12 millióan látogatják, ezzel Párizs leglátogatottabb nevezetessége. E gótikus remekmű a francia forradalom alatt majdnem teljesen elpusztult, de 1845 és 1878 között az eredeti terveknek megfelelően újjáépítették. A II. Világháború is komoly károkat okozott a katedrálisban. 1991-től 2005-ig ismét jelentős rendováción esett át a a Notre Dame.','alma@gmail.com','2021-05-08 19:59:22','Notre-Dame-székesegyház',3,'notredamedeparis.fr/',205,45),(425,'La Défense','Az elmúlt évtizedek alatt a francia fővárosban építették fel Európa legnagyobb üzleti negyedét, a La Defense-t. Hihetetlen, de az 50-es években itt még bódésorok, gyártelepek és viskók álltak. Ma már sokkolóan futurisztikus errefelé sétálni – Párizs égbe törő felhőkarcolói alatt. És nem csak azért, mert törpének, vagy a világegyetem porszemének érezheti itt magát az ember, hanem olykor hosszú pillanatokra azt is hihetjük, hogy éppen Tokióban vagy New Yorkban járunk.','alma@gmail.com','2021-05-08 20:05:39','La Défense',4,'',205,135),(435,'Place d\'Armes, 78000 Versailles','A Versailles-i Kastély nemzeti birtoka közel 787 hektáros területen fekszik. Franciaország kiemelkedő turisztikai helyszíne, évente 15 millió látogatót vonz!\r\nA Versailles-i Kastély egyszerre királyi rezidencia, történelmi múzeum és nemzeti palota is. Több, mint száz helyiség mutatja be az egykori királyi rezidencia életét és mintegy 10 000 m ² terület ad otthont a szobrokat és festényeket bemutató múzeumnak, melyet 1837-ben Fülöp-Lajos alapított.\r\nA királyi udvartól elindulva fedezze fel szabadon a kastély látnivalóit, majd átszelve a kertet ismerje meg a Trianon kastélyt és a Marie-Antoinette birtokot.','alma@gmail.com','2021-05-08 20:14:50','Versailles-i kastély',4,'chateauversailles.fr/',205,65),(445,'Place Georges-Pompidou','A Pompidou központ – kulturális központ Párizsban, Renzo Piano és Richard Rogers tervei alapján épült. A George Pompidou központot high-tech stílusa miatt Párizs nevezetességei közt tartják számon. A Pompidou központot Georges Pompidou-ról, Franciaország korábbi köztársasági elnökéről nevezték el. Pompidou kezdeményezte és szorgalmazta, hogy legyen egy minden francia rendelkezésére álló kulturális központ színházi stúdiókkal, galériákkal, hatalmas könyvtárral, koncerttermekkel. Megnyitásakor, 1977. január 31-én, valóra vált Pompidou álma: egy hangadó modern művészeti múzeum, ahol mindenki részt tud venni kulturális aktivitásokkal. Pompidou korai halála miatt a megnyitót nem érte meg, de minden az ő elgondolásai szerint lett megvalósítva.','alma@gmail.com','2021-05-08 20:19:49','Pompidou-palota',3,'centrepompidou.fr/fr/',205,5),(455,'77 Rue de Varenne','A Rodin múzeum (Musée Rodin) 1919-ben nyílt meg a régi Peyrenc de Moras Hotel, vagy ismertebb és ma is használatos nevén a Biron Hotel (L’Hôtel Biron) épültében. A gyönyörű épület története 1728-ban kezdődik és több tulajdonoson keresztül végül az állam vásárolta meg. Ami különösen érdekes, hogy 1905-től több híres művész is rendelkezett bérleménnyel: az író Jean Cocteau (1889-1963), a festő Henri Matisse (1869-1954), a híres táncos Isadora Duncan (1877-1927), a szobrász Clara Westhoff (1878-1954), a költő Rainer Maria Rilke (1875-1921) és 1908-ból Auguste Rodin (1840-1917) is négy egybenyitott szobát a földszinten.','alma@gmail.com','2021-05-08 20:24:43','Rodin Museum',3,'musee-rodin.fr/',205,5),(465,'1 Square du Vert Galant','A Pont Neuf (magyarul Új Híd) a legöregebb híd, amely a Szajna folyót keresztezi Párizsban. A híd két különálló részből áll, az egyik része a Cité-szigetet köti össze a bal parttal, míg a másik része a szigetet a jobb parttal.','alma@gmail.com','2021-05-08 20:31:16','Pont Neuf',1,'',205,85),(475,'15 Rue de Vaugirard','A Luxembourg-palota Párizs 6. kerületében, a Rue de Vaugirard 15. szám alatt található. Eredetileg a francia mérnök, Salomon de Brosse tervei alapján építették Medici Máriának, XIII. Lajos anyjának mint királyi rezidenciát. A nagy francia forradalom után az épületet átalakították. Megnagyobbították, illetve eredeti funkciója helyett jogalkotási intézményként üzemelt. 1958 óta az Ötödik Köztársaság Szenátusának székhelye. A palotától közvetlen nyugatra található a Petit Luxembourg, amely jelenleg a szenátus elnökének rezidenciájaként funkcionál. Tovább haladva nyugat felé a Luxembourg Múzeumot találjuk az egykori narancsliget épületében. Délre a Luxembourg-kert 25 hektáros zöldterületében gyönyörködhetünk, mely dísztavakkal és szobrokkal van díszítve.','alma@gmail.com','2021-05-08 20:35:24','Luxembourg-palota',3,'senat.fr/lng/en/the_luxembourg_palace.html',205,65),(485,'Mátyás király tér 26','Az 500 éves szegedi ferences templom és kolostor, a pannonhalmi apátság épületei után Magyarország második legrégibb ilyen jellegű épületegyüttese.\r\nA gótikus templom elődje a Szent Péter Árpád-kori ispotálytemplom. A Havas Boldogasszony-templomot 15. század második felében kezdték el építeni. A templom több periódusban épült fel.','alma@gmail.com','2021-05-21 17:07:40','Szegedi Havas Boldogasszony templom',1,'szeged-pleb.ofm.hu',15,45),(495,'','A Duna-Tisza közén fellelhető értékes szikes jellegű élőhelyek egyike a mórahalmi Nagyszéksós-tó. Ezek a tavak összegyűjtik a semlyékes vonulatok vizét, és élőhelyül, táplálkozóhelyül szolgálnak a térség fészkelő és vonuló madarai számára. A tanösvény bemutatja a Nagyszéksós-tó és környéke sokszínű, mozaikos élőhelyeit, a nádas, gyékényes vízparti társulásokat, sásréteket.','alma@gmail.com','2021-05-21 17:20:48','Nagy-Szeksos-to',2,'',15,55);

--
-- Table structure for table `attraction_labels`
--

/*!40101 SET @saved_cs_client     = @@character_set_client */;
 SET character_set_client = utf8mb4 ;
CREATE TABLE `attraction_labels` (
  `attraction_id` bigint(20) NOT NULL,
  `label_id` bigint(20) NOT NULL,
  KEY `FKhvn5g24yj60x4x2radavmp6v8` (`label_id`),
  KEY `FKsfr4kbohbcgpdbhgbsre20s2q` (`attraction_id`),
  CONSTRAINT `FKhvn5g24yj60x4x2radavmp6v8` FOREIGN KEY (`label_id`) REFERENCES `label` (`id`),
  CONSTRAINT `FKsfr4kbohbcgpdbhgbsre20s2q` FOREIGN KEY (`attraction_id`) REFERENCES `attraction` (`id`)
) ENGINE=InnoDB DEFAULT CHARSET=utf8 COLLATE=utf8_hungarian_ci;
/*!40101 SET character_set_client = @saved_cs_client */;

--
-- Dumping data for table `attraction_labels`
--

INSERT INTO `attraction_labels` (`attraction_id`, `label_id`) VALUES (5,5),(5,15),(5,25),(25,5),(25,15),(25,25),(25,155),(25,165),(25,175),(35,5),(35,25),(35,185),(35,195),(35,205),(45,15),(45,25),(45,155),(45,165),(45,215),(55,25),(55,225),(55,235),(55,245),(55,255),(65,25),(65,205),(65,245),(65,265),(75,245),(75,275),(75,285),(75,295),(85,185),(85,225),(85,235),(85,275),(85,305),(85,315),(95,325),(95,335),(95,345),(95,355),(95,365),(105,5),(105,375),(105,385),(105,395),(115,5),(115,25),(115,235),(115,405),(115,415),(115,425),(125,225),(125,245),(125,255),(125,435),(135,205),(135,215),(135,225),(135,275),(135,285),(135,445),(145,225),(145,285),(145,455),(145,465),(155,205),(155,215),(155,445),(155,475),(155,485),(155,495),(165,5),(165,15),(165,25),(165,285),(165,295),(165,455),(175,15),(175,185),(175,205),(175,275),(175,285),(175,455),(175,505),(185,15),(185,25),(185,245),(185,455),(185,515),(185,525),(195,5),(195,225),(195,275),(195,455),(195,535),(205,25),(205,335),(205,345),(205,355),(205,365),(205,455),(215,25),(215,455),(215,515),(215,545),(225,245),(225,295),(225,435),(225,535),(235,25),(235,245),(235,435),(235,525),(235,535),(245,15),(245,25),(245,245),(245,435),(255,15),(255,25),(255,245),(255,405),(255,435),(255,555),(265,25),(265,245),(265,435),(275,375),(275,385),(275,455),(275,535),(275,565),(275,575),(285,205),(285,215),(285,445),(285,475),(285,485),(285,495),(285,565),(295,205),(295,215),(295,225),(295,445),(295,485),(295,525),(295,535),(305,275),(305,285),(305,485),(305,585),(315,5),(315,15),(315,25),(315,595),(325,5),(325,455),(325,605),(325,615),(325,625),(325,635),(335,535),(335,565),(335,575),(335,645),(335,655),(345,325),(345,335),(345,665),(365,215),(365,225),(365,445),(365,485),(365,525),(365,565),(365,575),(365,585),(375,225),(375,455),(375,465),(375,605),(385,5),(385,15),(385,25),(385,605),(385,615),(385,625),(395,225),(395,235),(395,325),(395,335),(395,345),(395,455),(405,275),(405,285),(405,455),(405,485),(415,5),(415,325),(415,335),(415,345),(415,355),(425,275),(425,285),(425,295),(425,455),(425,465),(435,5),(435,15),(435,25),(435,205),(435,455),(435,545),(435,675),(445,5),(445,245),(445,455),(445,605),(445,615),(445,625),(445,675),(445,685),(455,5),(455,205),(455,245),(455,605),(455,625),(465,245),(465,515),(465,525),(465,535),(475,5),(475,185),(475,205),(475,215),(475,615),(485,325),(485,335),(485,355),(485,455),(495,205),(495,215),(495,445),(495,475),(495,485);

--
-- Table structure for table `authorities`
--

/*!40101 SET @saved_cs_client     = @@character_set_client */;
 SET character_set_client = utf8mb4 ;
CREATE TABLE `authorities` (
  `id` bigint(20) NOT NULL AUTO_INCREMENT,
  `name` varchar(255) COLLATE utf8_hungarian_ci DEFAULT NULL,
  PRIMARY KEY (`id`)
) ENGINE=InnoDB AUTO_INCREMENT=16 DEFAULT CHARSET=utf8 COLLATE=utf8_hungarian_ci;
/*!40101 SET character_set_client = @saved_cs_client */;

--
-- Dumping data for table `authorities`
--

INSERT INTO `authorities` (`id`, `name`) VALUES (5,'ADMIN'),(15,'USER');

--
-- Table structure for table `city`
--

/*!40101 SET @saved_cs_client     = @@character_set_client */;
 SET character_set_client = utf8mb4 ;
CREATE TABLE `city` (
  `id` bigint(20) NOT NULL AUTO_INCREMENT,
  `description` longtext COLLATE utf8_hungarian_ci,
  `name` varchar(255) COLLATE utf8_hungarian_ci DEFAULT NULL,
  `country_id` varchar(255) COLLATE utf8_hungarian_ci DEFAULT NULL,
  PRIMARY KEY (`id`),
  KEY `FKglfdm5o51dsc7x1l897558lu` (`country_id`),
  CONSTRAINT `FKglfdm5o51dsc7x1l897558lu` FOREIGN KEY (`country_id`) REFERENCES `country` (`id`)
) ENGINE=InnoDB AUTO_INCREMENT=206 DEFAULT CHARSET=utf8 COLLATE=utf8_hungarian_ci;
/*!40101 SET character_set_client = @saved_cs_client */;

--
-- Dumping data for table `city`
--

INSERT INTO `city` (`id`, `description`, `name`, `country_id`) VALUES (5,'Budapest Magyarország f?városa, az ország politikai, m?vel?dési, ipari, kereskedelmi és közlekedési központja, valamint nevezetes gyógyfürd?város. Az Európai Unió kilencedik legnépesebb városa, 1 702 000 f?vel. A Duna két partján, az Alföld és a dombvidékek találkozásánál fekszik.\r\n','Budapest','magyarorszag'),(15,'Szeged környéke az ?skortól lakott hely, az Öthalom területén bukkantak a legrégibb emberi településnyomokra. A II. század közepér?l, Ptolemaiosz leírásából ismerjük a település legrégibb nevét: Partiszkon. A kés?bbi vár helyén római ?rállomás vigyázta a tiszai átkel?helyet, a Maros menti só- és aranyszállítást. A nagyszéksósi hun fejedelmi lelet és számos történeti adat valószín?síti, hogy Attila székhelye a környéken lehetett.','Szeged','magyarorszag'),(25,'Pécs az ország dél-nyugati szélén, a horvát határ közelében található. Délebbi fele sík, míg az északi része a Mecsek hegység déli lankáira kúszik fel.\\r\\n\\r\\nTalán a rómaiak, akik a mediterránumból jöttek, nem véletlenül érezték magukat otthon ezen a vidéken, s bizonyára így vannak ezzel ma is Itáliából érkező vendégeink. Valóban: van-e olaszosabb városunk Pécsnél?\r\n','Pécs','magyarorszag'),(35,'Debrecen (latinul: Debretinum, németül: Debrezin, szlovákul: Debrecín, románul: Debrețin, lengyelül: Debreczyn) Magyarország harmadik legnagyobb területű és második legnépesebb települése, Hajdú-Bihar megye és a Debreceni járás székhelye, megyei jogú város. A megye lakosságának mintegy 38,2%-a él itt. Debrecen a Tiszántúl legnagyobb városa. Időnként „a kálvinista Róma” néven vagy „cívisváros”-ként emlegetik.','Debrecen','magyarorszag'),(45,'Győr (latinul Arrabona, Jaurinum, németül: Raab, horvátul: Jura, Đura) egy megyei jogú város Magyarországon, Nyugat-Dunántúl régió központja, Győr-Moson-Sopron megye és a Győri járás székhelye. Jelentős gazdasági, kulturális, egyetemi és sportközpont, az ország egyik legdinamikusabban fejlődő városa. A Bécs–Pozsony–Budapest innovatív tengelyen fekszik, kiváló közlekedési adottságokkal rendelkezik. Magyarország műemlékekben harmadik leggazdagabb városaként a barokk belváros rekonstrukciójának elismeréséül 1989-ben elnyerte a műemlékvédelmi Europa Nostra-díjat.','Győr','magyarorszag'),(55,'Magyarország legnyugatibb városa Sopron. A keskeny, kanyargós utcák, a középkorban emelt fallal körülvett óváros és a barokk hagymakupolájáról népszerű Tűztorony megérnek egy sétát! A Soproni hegység város fölé nyúló hegyes-lankás erdősége a Lővérek, a természetjárók számára kínál változatos túraútvonalakat. A Soproni borvidék az ország egyik legrégebbi hagyományokkal büszkélkedő bortermő területe, legismertebb fajtája a karakteres vörösbor: a Kékfrankos, mely nevét hajdanán az érte fizetett „nyugati valutáról” kapta. Az ország legnagyobb és legfényűzőbb barokk rokokó kastélyát a közeli Fertődön találjuk, melyet a híresen jómódú és művészetkedvelő Eszterházy család építtetett. A közelben található különleges hangulatú Fertő tó Közép-Európa harmadik legnagyobb állóvize.','Sopron','magyarorszag'),(65,'A tájegység központja a Sajó és Hernád völgyének találkozásánál, a Bükk kapujában lévő Miskolc, mely egyben Borsod-Abaúj-Zemplén megye székhelye is.\r\n\r\nMiskolc belvárosának műemlékei közül kiemelkedik a főutca meghatározó épülete, a színház; az Avas oldalában lévő gótikus stílusú református templom; az 1997-es gyújtogatás után újjáépített Deszkatemplom; a görögkeleti - ortodox - templom. A diósgyőri vár számtalan kulturális rendezvény helyszíne. Idegenforgalmi szempontból pedig talán leglátogatottabb a miskolctapolcai Barlangfürdő és a lillafüredi Palotaszálló. Télen sokan keresik fel a bánkúti síparadicsomot. A környék emlékhelyei közül kiemelkedik a tatárokkal vívott vesztes muhi csata emlékműve.','Miskolc','magyarorszag'),(75,'Székesfehérvár (latinul: Alba Regia, németül: Stuhlweißenburg megyei jogú város a Dunántúlon, a Közép-Dunántúl régió központja, Fejér megye és a Székesfehérvári járás székhelye, Magyarország egyik legnagyobb, és legfontosabb városa. Földrajzi nagytájak találkozásánál fekszik: nagyobb részben az Alföld részét képező Mezőföld északnyugati csücskében, a Sárréten, kisebb részben a Dunántúli-középhegységben, a Velencei-hegységben található, három hegység lábánál, közel a Velencei-tóhoz, a Balatonhoz és Budapesthez. Az egyik leggazdagabb múltú magyar város: a középkori Magyar Királyság egyik fővárosa, királyi székhely és koronázóváros. Számos műemlékének és látnivalójának elsődleges lelőhelye barokk óvárosa, mely nemzetközi hírű. Európai jelentőségű gazdasági, vasúti és közúti csomópont, emellett Magyarország egyik legfejlettebb nagyvárosa élénk sport- és kulturális élettel.','Székesfehérvár','magyarorszag'),(85,'Baja Magyarország déli részén, a Duna bal partján fekszik. Bács-Kiskun megye második legnagyobb városa, a Bajai kistérség központja, lakossága 38 ezer fő. Három nagy tájegység, a Duna-ártér, a Kiskunsági homokhátság és a Felső-bácskai löszhát találkozásánál épült. Budapesttől 167 kilométerre délre található. Jelentős dunai kikötő és közlekedési csomópont.\r\n\r\nCsodálatos természeti kincsekkel megáldott város, amely különleges vonzerővel bír. A Duna és mellékága, a Sugovica a vízi sportok, kirándulások, horgászat kedvelőit csábítja ide. A bajai halászlét és a környék borait évről évre sok ezren kóstolják meg a halfőző fesztiválon és a vendéglőkben. Mintegy negyven műemlék- és városképi jelentőségű épület található a városban. A negyvenezer lakosú város évszázadok óta a magyar, német, szerb és horvát nemzetiségek otthona. Ezt a sokszínűséget a bajai épületek, hagyományok mindig is őrizni fogják.','Baja','magyarorszag'),(95,'New Yok City, vagy történelmi nevén New Amsterdam (vagy, ahogy becenevén ismerjük, a Nagy Alma) egyszerre kikötő és város a Hudson-folyó torkolatánál. Ez Amerika egyik legnagyobb és legbefolyásosabb metropolisza, mely olyan kerületeket foglal magába, mint Manhattan, Brooklyn, Bronx, Queens és Staten Island – melyeknek mind különböző életstílusa van.\\r\\n\\r\\nHa az egyikből átutazunk a másikba, olyan, mintha országhatárt léptünk volna át. Nem véletlenül tartják az etnikailag legváltozatosabb és gazdaságilag legszerteágazóbb városnak. És persze sokak számára a legszebb is, habár annyi arca van, hogy már nem is tudni, melyik volt az első és igazi a történelme kezdetén.','New York','egyesult_allamok'),(105,'Az Egyesült Államok fővárosa a nagy eszmények és a rút realitások országának mikrokozmosza. Washington belvárosa még néhány évvel ezelőtt is elhanyagolt szegénynegyed volt, ahol az erőszakoskodásoktól való félelem rátelepedett az egykor könnyed, felszabadult életérzésre. Ezért a jómódú kormánytisztviselők a külső kerületek villanegyedeiben telepedtek le.\r\nA nyolcvanas évek óta Washington sokat tett annak érdekében, hogy a kormányszékhelyet ismét vonzóvá tegye, és megóvja történelmi értékeit. A nagyvonalú, fákkal szegélyezett utcák, a Mallt díszítő emlékművek és a sok 19. századból származó épület meglepően meleg, mondhatni kedélyes hangulatúvá teszik a várost, mely sokkal inkább a dél nyugalmas, kényelmes életstílusát tükrözi, mint az üzleties, serény északét.\r\nA város számos negyede ma afféle interkulturális központként él eleven életet. Így például a színes piacú, pezsgően élénk Adams Morgan, a latin közösség szíve, vagy az ódon Foggy Bottom a Potomac partján, az ír, német és afrikai bevándorlók egykori városnegyede, Kennedyről elnevezett színjátszóközpontjával.\r\n','Washington','egyesult_allamok'),(115,'Nyüzsgő amerikai metropolisz, csodálatos panorámák, bájos kisvárosi hangulat, őrületes ételek, viktoriánus romantika… - ez akár öt különböző város is lehetne, de mégsem az, hanem az egyetlen és felülmúlhatatlan San Francisco. A város, amit egyszerűen nem lehet nem szeretni! Aki egyszer már járt Kalifornia állam kétségtelenül egyik legszebb városában, az örökké visszavágyik, mert klímája balzsamos – igaz, hogy gyakori a köd, de az óceánnak köszönhetően mentes a szélsőségektől - dimbes-dombos fekvésére a festői jelző csupán szerény kifejezés, ám igazán egyedivé az a sokszínűség teszi, mely a város kultúrájára, gasztronómiájára, lakóira és hétköznapjaira egyaránt jellemző. San Francisco városát 1776-ban alapították spanyol telepesek, s szinte hihetetlen, hogy az ezernyolcszázas évek elején csupán 30 család lakta. Az 1848-os aranyláz azonban meghozta az érdeklődést San Francisco iránt, mely azóta sem csappant – ma az USA második legnépesebb városa New York után. Az ámulatba ejtő látnivalók mellett kitűnő éttermek, barátságos kávézók, izgalmas esti programok várnak itt. Megpillantani a ködben és párában fürdő Golden Gate hidat, együtt sütkérezni az oroszlánfókákkal a Fisherman’s Wharf-on, gyönyörködni a Twin Peaksről a város látképében vagy cable carral utazni a meredek utcákon felejthetetlen élmény!','San Francisco','egyesult_allamok'),(125,'A város éghajlata nagyon hasonló hazánkéhoz, talán pár fokkal hűvösebb.  Télen a legalacsonyabb átlaghőmérséklet -10 fok, nyáron pedig a legmagasabb átlag 30 fok körüli. Chicago a Michigan tó partján fekszik, és sokszor emlegetik úgy, mint a „szelek városa” (bár nem a legszelesebb amerikai városról van szó, de azért rászolgált a nevére). Talán az első dolog, ami sokaknak eszébe juthat a város neve hallatán, a világhírű kosárlabda csapat, a Chicago Bulls, és a szintén nagy ismertségnek örvendő, legendás játékosuk: Michael Jordan.  Magyarként sokan szeretjük a nagy édesvizű tavakat, hiszen itt van nekünk a Balaton, de Chicago lakosai számára egy tenger nagyságú tó áll rendelkezésre, melyet ki is használnak! Mi is így fogunk tenni, már rögtök az első napon.','Chicago','egyesult_allamok'),(135,'Az év bármely időszakában jövünk, nagyon rossz idővel nem fogunk találkozni. Nyáron 35 fok körüli a hőmérséklet, azonban télen nagyon ritkán esik 10 fok alá. Az éves csapadék mennyiség alacsonynak mondható, szóval az esőzéstől sem kell tartanunk. Az óceán vize azonban nem trópusi meleg, de legalább a forró nyári napokon felfrissülést hoz.  A kellemes időjárásnak köszönhetően van egy árnyoldala is, nemcsak Los Angeles-nek, de egész Kaliforniának. Rengeteg hajléktalan él az utcákon, ráadásul annyira „jól élnek”, hogy nem egyszer láttam jó néhányuk kezében reggel Starbucks-os kávét. Ilyen szempontból vannak a városnak jobb illetve rosszabb környékei, de ez ne szegje kedvünket, inkább lássuk a várva várt programokat.','Los Angeles','egyesult_allamok'),(145,'European flair – európai hangulat, érzésvilág. Ez jellemzi a legeurópaibbnak tartott amerikai város, a 400 éves Boston hangulatát. A patrióták által az USA szülőföldjének tartott Boston a 13 észak-amerikai gyarmat és Nagy-Britannia között 1775-ben kirobbant, az Amerikai Egyesült Államok megalakulásához vezető amerikai függetlenségi háború szülőföldje. A harcok közvetlen előzménye az 1773. december 16-i bostoni teadélután, a Boston Tea Party volt (amely a mai konzervatív és libertariánus politikai mozgalom névadójául is szolgál), amikor a bostoni polgárok, a teát sújtó vámok elleni tiltakozásul, a tengerbe szórták a Brit Kelet-indiai Társaság három hajójának teaszállítmányát. A legendás helyszínt ma is megtekinthetjük, ahol az egyik hajót bejárva emlékezhetünk a dicső eseményre.','Boston','egyesult_allamok'),(155,'Pennsylvania legnagyobb városa, vagy ahogy nevezni szokták, „a testvéri szeretet városa”. Lakossága és területe szerint az Egyesült Államok ötödik legnépesebb városa. 1773-ban itt írták alá a Függetlenségi Nyilatkozatot, és a város lett a nemrég született Egyesült Államok első fővárosa. Philadelphia az egyik legrégebbi és történelmileg legjelentősebb város az Egyesült Államokban. Miután William Penn a 17. század végén a Delaware-folyón épült philadelphiai kikötőt megalapította, a világ minden tájáról érkeztek ide a bevándorlók. Az ő munkájuk révén a város egyre jobban terjeszkedett, ipara növekedett. A város környéke és éttermei ezt a régről megmaradt nemzetiségi kavalkádot tükrözik. Azt, hogy a város Amerika egyik legnépszerűbb turistacélpontja, köszönheti mindenekelőtt változatos történelmének, elsőrangú műgyűjteményeinek, különleges múzeumainak, kiváló éttermeinek és szállodáinak és az ország legnagyobb rendezett közparkjának köszönheti.','Philadelphia','egyesult_allamok'),(165,'Egy igazi legenda a Dél csodálatos városai között, s ha csupán egy helyet lehetne választani a régióból, csakis New Orleans legyen az! New Orleansból csak úgy árad az életöröm, nem hiába mottója a cajun francia mondat: „Laissez les bons temps rouler”- mely nagyjából annyit tesz: hagyjuk, hogy vidáman folyjon az élet! A jókedvről elsősorban a fantasztikus zene, a remek ételek és italok és mindenekfelett a csodálatos, csupa szín látnivalók gondoskodnak. New Orleans minden porcikájában maga a szépség: a balzsamos déli levegőben, az árnyas-mohás tölgyek alatti nyáresti csendben, a lágy jazzben, mely a bőr alá is beszivárog, hogy átjárja a testet-lelket.\r\nNew Orleans híres szülötte volt Satchmo – azaz Louis Armstrong, a jazz koronázatlan királya, Truman Capote és Tennessee Williams is, kiknek műveit erősen inspirálta szülővárosuk, elég csak A vágy villamosának fülledt déli hangulatára gondolni.\r\nA csitimacsa indiánok által lakott várost 1718-ban Le Nouvelle Orleans néven alapították francia gyarmatosítók. Spanyol, majd később ismét francia uralom alatt állt, s 1803 óta tartozik az Egyesült Amerikai Államokhoz, ekkor vásárolta meg ugyanis Lousiana állam.','New Orleans','egyesult_allamok'),(175,'Orlando közép-floridai város, Florida északi és déli része között kb. a félúton. Orlando lakossága 254 ezer körüli. Ami azonban lényegesebb ennél: évente 51 millió turista látogat Orlandoba! Ebből kb. 4 millióan külföldről. Az Egyesült Államok legnagyobb látogatottságú városa. Egyszerű a válasz, hogy miért jönnek ide ennyien: Disney World, Universal Studios, Sea World, Gatorland és Wet Willd Water Park.','Orlando','egyesult_allamok'),(185,'Hawaii csodás szigetcsoportja pontosan a világ másik felén fekszik, 12 órás időeltolódásra kis hazánktól. Hawaii Amerika nyugati partjától pár órás repülőútra, a Csendes-óceán közepén fekszik. A szigetcsoport 8 nagyobb szigetből és számos kis szigetből és atollból áll. A szigetek közül a legjelentősebb és legtöbb látnivalóval rendelkező szigetek Oahu, Hawaii – The Big Island, Maui és Kauai. Minden egyes sziget más és más, a saját természeti csodáival; egymással összehasonlíthatatlan. Mivel a repülőút hosszú, fárasztó és nem mellesleg költséges is, ezért érdemes legalább két szigetet bebarangolni.','Honolulu','egyesult_allamok'),(195,'Mi az, ami a legnagyobb eséllyel szerepel az utazni vágyók bakancslistáján? Naná, hogy a nyugati part! Los Angeles, a Grand Canyon, és persze a világ első számú sivatagi vidámparkja, Las Vegas. Sokan vágnak neki Amerikának akár hátizsákos turistaként, vagy épp lakóautóval. Ez utóbbiról mi is megírtuk, hogy életre szóló kaland, ráadásul olcsóbb és flexibilisebb is, mint egy klasszikus út. Ha pedig ilyen messzire eljutottunk, vétek lenne kihagyni az alábbi helyeket. Íme, tíz látnivaló Las Vegasban!','Las Vegas','egyesult_allamok'),(205,'Párizs a világ egyik leglátogatottabb, és rengeteg utazó szerint a világ legszebb városa. Rengeteg jelzőt találhatunk még erre az ékszerdobozra: a fények, a szabadság, a divat, vagy a szerelem városa, a világ leghangulatosabb városa, de minden szó kevés rá, hogy Párizst bemutassuk. Párizs leírhatatlan, aki még nem járt ott, el se tudja képzelni, hogy milyen.','Párizs','franciaorszag');

--
-- Table structure for table `comment`
--

/*!40101 SET @saved_cs_client     = @@character_set_client */;
 SET character_set_client = utf8mb4 ;
CREATE TABLE `comment` (
  `id` bigint(20) NOT NULL AUTO_INCREMENT,
  `datetime` datetime DEFAULT NULL,
  `text` longtext COLLATE utf8_hungarian_ci NOT NULL,
  `attraction_id` bigint(20) DEFAULT NULL,
  `user_id` bigint(20) DEFAULT NULL,
  PRIMARY KEY (`id`),
  KEY `FKs4xc024g04mfw2yp60f167y2e` (`attraction_id`),
  KEY `FKkwd7w0meugs0nu95w48hqhw2w` (`user_id`),
  CONSTRAINT `FKkwd7w0meugs0nu95w48hqhw2w` FOREIGN KEY (`user_id`) REFERENCES `users` (`id`),
  CONSTRAINT `FKs4xc024g04mfw2yp60f167y2e` FOREIGN KEY (`attraction_id`) REFERENCES `attraction` (`id`)
) ENGINE=InnoDB AUTO_INCREMENT=35 DEFAULT CHARSET=utf8 COLLATE=utf8_hungarian_ci;
/*!40101 SET character_set_client = @saved_cs_client */;

--
-- Dumping data for table `comment`
--

INSERT INTO `comment` (`id`, `datetime`, `text`, `attraction_id`, `user_id`) VALUES (5,'2021-04-13 01:02:22','Ez jóó',75,5),(15,'2021-04-16 23:59:25','Negyon király hely.',35,5);

--
-- Table structure for table `continent`
--

/*!40101 SET @saved_cs_client     = @@character_set_client */;
 SET character_set_client = utf8mb4 ;
CREATE TABLE `continent` (
  `id` bigint(20) NOT NULL AUTO_INCREMENT,
  `name` varchar(255) COLLATE utf8_hungarian_ci DEFAULT NULL,
  PRIMARY KEY (`id`)
) ENGINE=InnoDB AUTO_INCREMENT=46 DEFAULT CHARSET=utf8 COLLATE=utf8_hungarian_ci;
/*!40101 SET character_set_client = @saved_cs_client */;

--
-- Dumping data for table `continent`
--

INSERT INTO `continent` (`id`, `name`) VALUES (5,'Európa'),(15,'Ázsia'),(25,'Amerika'),(35,'Afrika'),(45,'Ausztrália');

--
-- Table structure for table `country`
--

/*!40101 SET @saved_cs_client     = @@character_set_client */;
 SET character_set_client = utf8mb4 ;
CREATE TABLE `country` (
  `id` varchar(255) COLLATE utf8_hungarian_ci NOT NULL,
  `description` longtext COLLATE utf8_hungarian_ci NOT NULL,
  `name` varchar(255) COLLATE utf8_hungarian_ci NOT NULL,
  `continent_id` bigint(20) DEFAULT NULL,
  PRIMARY KEY (`id`),
  KEY `FKoq3lb6xaldsf3avfd77l9uqe6` (`continent_id`),
  CONSTRAINT `FKoq3lb6xaldsf3avfd77l9uqe6` FOREIGN KEY (`continent_id`) REFERENCES `continent` (`id`)
) ENGINE=InnoDB DEFAULT CHARSET=utf8 COLLATE=utf8_hungarian_ci;
/*!40101 SET character_set_client = @saved_cs_client */;

--
-- Dumping data for table `country`
--

INSERT INTO `country` (`id`, `description`, `name`, `continent_id`) VALUES ('egyesult_allamok','Az Amerikai Egyesült Államok 50 államból áll, melyek közül 48 igen közel áll egymáshoz földrajzi szempontból. Alaszka az észak-amerikai kontinensen található, Hawaii pedig a nyugati parttól 3.682 km-re, dél-nyugaton helyezkedik el. Az országot, méretének köszönhetően különböző éghajlati övek szelik át az Egyenlítőtől számítva. Területe 9.629.101 négyzetkilométer, így a világ harmadik legnagyobb országa.\r\nAz Egyesült Államok nem csak olyan lenyűgöző úti célokat kínálnak, mint New York, Los Angeles, Chicago, de rengeteg nemzeti park, sivatag, hegyvonulat, tengerpart és sarkvidék is megtalálható itt. Látogass el az Empire State Buildinghez, nyaralj Malibu strandjain, túrázz a Grand Canyonban vagy esetleg utazz Alaszka tundrás vidékeire. Amerika ebből a szempontból biztosan a végtelen lehetőségek országa.','Egyesült Államok',25),('franciaorszag','Az idei programkínálat gazdagsága is jelzi, hogy Franciaország a világ legkedveltebb célpontjaként méltán őrizte meg vezető pozícióját Spanyolország és az Egyesült Államok előtt. Csak Párizsba közel 40 millió vendég érkezett 2018-ban, közülük 13 millióan külföldről, ez 11%-os növekedést jelent. Az USA-ból jöttek a legtöbben, őket a britek, a németek és a kínaiak követik. A Louvre látogatóinak száma is elképesztő rekordot döntött tavaly: 25%-os növekedéssel fennállása óta először haladta meg a 10 milliót. A Francia Idegenforgalmi Hivatal február 27-ei Focus on France rendezvényén elhangzott, hogy a zavargások hatása egyre kevésbé érződik, az utazásszervezők világszerte bizalommal tekintenek az országra. Ezt már a 2019-es téli szezon foglalási mutatói is megerősítik: a január eleji adatok 12%-os növekedését mutatnak az előző év azonos időszakához képest.','Franciaország',5),('gorogorszag','A 11 milliós Görögország számos szárazföldi nyaralóhelye, és szigete között minden turista megtalálja, amit keres. Legyen szó \"csupán\" napozásról, vagy történelmi emlékekről, vagy vad éjszakai szórakozásról is, költsön valaki keveset, vagy vágyjon kifejezetten \"luxusüdülőhelyre\", Görögország mindenkinek nyújt valamit Európa egyik legszebb kulisszái között. Az ország 2000 szigete közül, melyek közül több mint 100 lakott, több már önmagában is egyszerre nyújtja azt a változatosságot, mely nem sok más európai nyaralóhelyen tapasztalható. A szigetek látnivalóinak, szabadidős tevékenységeinek sokfélesége nagyon vonzó: történelmi emlékek, a legszebb természeti látványosságok, paradicsomi, homokos strandok, éjszakai élet vagy csendes öblök, amelyeknél nincs olyan sok turista, sportolási, túrázási lehetőségek, első osztályú gasztronómia - sokszor mindez egy szigeten. A legtöbb szigeten már nagyon sokan nyaralnak, de szinte mindenhol vannak még csendes, háborítatlan helyek. Az oldalon mindenki kiválaszthatja, hogy nyaralási jellegének, preferenciáinak alapján melyik görögországi nyaralóhely lenne a megfelelő neki, útikalauzaink, szigetbemutatásaink úgy épülnek fel, hogy mindenki átláthatja az ő igényeinek melyik lenne a legjobb görög nyaralóhely.','Görögország',5),('hollandia','Fedezze fel Hollandia igazi arcát és tapasztalja meg mit rejt a holland kultúra. Ámuljon el a vibrálóan színes tulipánföldek látványán, kóstoljon meg díjnyertes sajtokat, pihenjen a várost átszelő csatornákon hajókázva, vagy fedezze fel a bájos, sík vidéket úgy, ahogy azt a helyiek is teszik – kerékpárral.\r\n','Hollandia',5),('japan','Egy Japán utazás felér egy bolygóközi úttal. Az országot járva a legmeghatározóbb élmény az élet minden terén jelen lévő kontraszt. A hipermodern irodaházak között évszázados templomok húzódnak meg. A hagyományos levesbárokkal szemben gyorséttermek állnak, a rohanó életformából kilépve a japánok zen kertekben ücsörögve bámulnak órákig néhány követ, és évekig képesek tanulni a teaszertartás fortélyait. Nem ritka látvány, ahogy a kimonót viselő hölgyek kólát vesznek az utcai automatákból, de az sem, ahogy szenvedélyesen játszanak a mobiltelefonjukon.\r\n','Japán',15),('kanada','A Mari Usque Ad Mare (Tengertől – tengerig) – a Kanadai Alkotmányos Monarchia mottója.\r\nFöldünk területileg második (9.980.000 km2) – életminőségében, életszínvonalában és jövőbeli kilátásaiban - sokak szerint, talán legnagyobb országa. Kutatási gócpont, a legmodernebb csúcstechnológiákkal – s mindez bolygónk legérintetlenebb környezetében. A korlátlan erőforrások és lehetőségek birodalma – így ide vágynak a Földön legtöbben. Nemcsak utazóként – hanem munkavállalóként is – vagy akár, ha új élet kezdésről van szó – hát akkor is. 37.000.000 fős lakosságának többsége a 8.891 km hosszúságú, déli határvonal (USA) közelében él, legnagyobb metropolisza -  Torontó népessége mára túlszárnyalta az 5 milliós értéket is. Minden 100 polgárávól 80 városlakó – gazdaságára - a gazdagsága a legjellemzőbb. Lakosságának 97%-a bír otthoni interneteléréssel – s mindez max. 90 perc vezetésnyi távolságra a legközelebbi természetvédelmi területtől.','Kanada',25),('kina','Kína a világ legősibb folyamatos civilizációja, amely már mint az ókorban önálló kulturális egységet alkotott, és igen fejlettnek számított. Számos, Európában csak jóval később megismert találmány (nyomtatás, puskapor, porcelán, selyem) már az ókorban ismert volt Kínában. Az egységes birodalom (i. e. 221-es) megalakulása óta lényegében egységben, a különböző dinasztiák vezetésével és a többi kultúrától elzárva fejlődött egészen a 19. századig, amikor is az angolok félgyarmati sorba taszították. Egészen a 20. század közepéig a különböző nagy- és középhatalmaknak kiszolgáltatva, közben egy rendszerváltást átélve, 1949-ben a szárazföldön ismét beköszönt az egység, megalakul a jelenleg is fennálló Kínai Népköztársaság, a demokraták kiszorulnak Tajvan szigetére.\r\n','Kína',15),('magyarorszag','Magyarország állam Közép-Európában, a Kárpát-medence közepén, amely 1989 óta független parlamentáris köztársaság. Északról Szlovákia, északkeletről Ukrajna, keletről és délkeletről Románia, délről Szerbia és Horvátország, délnyugatról Szlovénia, nyugatról pedig Ausztria határolja. Területe 93 030 négyzetkilométer, népessége pedig közel tízmillió fő, így az Európai Unió közepes méretű és közepes népességű tagállamai közé tartozik. Hivatalos nyelve a magyar, ami a legnagyobb az uráli nyelvcsaládba tartozó nyelvek közül. Fővárosa és legnépesebb városa Budapest, amely világvárosnak számít.','Magyarország',5),('mexiko','Úti célok Mexikóban A Karib-tengerbe nyúló mexikói félsziget legkeletibb csücskén fekszik Cancún varázslatos üdülővárosa. A türkiz számtalan árnyalatában szikrázó tenger szinte körbefonja a 7-es számot formázó félszigetet, vakítóan világos homokos tengerparti strandjai mögött pálmafákkal szegélyezett promenádokat, üzleteket, éttermeket és minden igényt kielégítő luxusszállodákat találunk. A trópusi kikapcsolódáson túl az érdeklődők felkereshetik a maja kultúra közelben található egykori központját, a toltékok fővárosát Chitzén Itzá-t fantasztikus kőpiramisaival.\r\nA Cancún-i szállodasor kb. 25 km hosszan nyújtózik a Karib tenger partján. Playa del Carmen és a Maja Riviéra kb. 70 km-re délre található, gépkocsival egy órás utazással érhető el. Cancúntól eltérően, ahol a szállodák szorosan egymás mellé épültek, Playa del Carment egyedi hangulatú, kisebb szállodák jellemzik, amelyek szorosabb kapcsolatot ápolnak természeti környezetükkel.','Mexikó',25),('nemetorszag','Világelső a kiállítási-vásári turizmusban. Leglátogatottabb célország az európaiak körében a luxusutazások, a városlátogatások és a körutazások kategóriájában, valamint konferenciaturizmusban is. A 15-24 közötti korosztály legkedveltebb desztinációja. Félszáz nyelven a leggyakrabban keresett ország a Google-ben. Mindez Németország, az új idegenforgalmi nagyhatalom.\r\n','Németország',5),('spanyolorszag','Spanyolország a föld egyik legsokszínűbb országa. A turisták által kevésbé ismert, vadregényes észak, Baszkföld, Kantábria, Asztúria, Galícia tartományai középkori városokban, vallási emlékekben és csodás természeti látnivalókban egyaránt bővelkednek. A spanyol nagyvárosok forgataga megunhatatlan, a művészetek tobzódásával. Barcelona Gaudí és Picasso városa, Madrid a világ egyik legnagyobb szépművészeti múzeumának, a Pradónak otthona. Andalúzia, a bikaviadalok, a flamenco és a sherry hazája, Granada és Córdoba csodáival és mór emlékeivel egy külön világ. Sevilla nemcsak híres művészek (például Murillo, Velázquez) szülővárosa, számos világhírű opera cselekményének helyszíne is. Spanyolország szigetei mesés szépségűek.','Spanyolország',5),('szingapur','Szingapúr légi forgalom szempontjából nagyon jelentős csomópont, sok másik városhoz fontos átszállási pont a Changi reptér. Ha Magyarországról kifejezetten ide szeretnénk repülni, akkor a retúrjegyet nem ússzuk meg átlag 170-180 ezer Ft alatt. Ez egyébként nem rossz ár egy ázsiai desztinációért, de célszerűbb egy környező országba repülni, és onnan fillérekért átutazni Szingapúrba.\r\nHa megérkeztünk a reptérre nagyon egyszerűen be tudunk jutni a városba, a legcélszerűbb az MRT-t igénybe vennünk, mely a reptér T2 és T3 termináljaitól indul. Ez az East West Line (zöld színű metróvonal), mellyel először kell mennünk két megállót Tanah Merah-ig, majd onnan átszállni ugyanezen a vonalon a 2-es szakaszra, melynek a következő megállója Tanah Merah után Bedok. Onnantól kezdve már bárhova eljutunk a városban a metróvonalat használva. Már a reptéren lehet venni tömegközlekedési bérletet, erről lejjebb, a Közlekedés rész alatt lehet többet olvasni. A terminálok között ingyenes vasúttal tudunk közlekedni, pár perc alatt eljutunk egyikről a másikra. Ha utánanéznél részletesebben vagy esetleg metrófóbiád van és máshogy szeretnél bejutni a városba, akkor a reptér honlapján részletes leírást találsz.','Szingapúr',15);

--
-- Table structure for table `label`
--

/*!40101 SET @saved_cs_client     = @@character_set_client */;
 SET character_set_client = utf8mb4 ;
CREATE TABLE `label` (
  `id` bigint(20) NOT NULL AUTO_INCREMENT,
  `name` varchar(255) COLLATE utf8_hungarian_ci NOT NULL,
  PRIMARY KEY (`id`)
) ENGINE=InnoDB AUTO_INCREMENT=686 DEFAULT CHARSET=utf8 COLLATE=utf8_hungarian_ci;
/*!40101 SET character_set_client = @saved_cs_client */;

--
-- Dumping data for table `label`
--

INSERT INTO `label` (`id`, `name`) VALUES (5,'múzeum'),(15,'nemzet'),(25,'történelem'),(155,'terror'),(165,'fasizmus'),(175,'kommunizmus'),(185,'vár'),(195,'bástya'),(205,'kert'),(215,'part'),(225,'kilátó'),(235,'hegy'),(245,'szobor'),(255,'szabadság'),(265,'író'),(275,'tér'),(285,'központ'),(295,'millennium'),(305,'sikló'),(315,'jármű'),(325,'vallás'),(335,'templom'),(345,'bazilika'),(355,'keresztény'),(365,'katedrális'),(375,'interaktív'),(385,'játék'),(395,'retro'),(405,'háború'),(415,'korház'),(425,'orvos'),(435,'emlékmű'),(445,'természet'),(455,'épület'),(465,'felhőkarcoló'),(475,'állatvilág'),(485,'túra'),(495,'állatkert'),(505,'bazár'),(515,'híd'),(525,'folyó'),(535,'víz'),(545,'reneszánsz'),(555,'kapu'),(565,'szabadidő'),(575,'sport'),(585,'park'),(595,'néprajz'),(605,'kiállítás'),(615,'festészet'),(625,'művészet'),(635,'szecesszió'),(645,'egészség'),(655,'wellness'),(665,'zsinagóga'),(675,'kastély'),(685,'modern');

--
-- Table structure for table `rating`
--

/*!40101 SET @saved_cs_client     = @@character_set_client */;
 SET character_set_client = utf8mb4 ;
CREATE TABLE `rating` (
  `id` bigint(20) NOT NULL AUTO_INCREMENT,
  `rating` int(11) NOT NULL,
  `attraction_id` bigint(20) DEFAULT NULL,
  `user_id` bigint(20) DEFAULT NULL,
  PRIMARY KEY (`id`),
  KEY `FKe86idy8vjxn4f28wmd22lgtqg` (`attraction_id`),
  KEY `FK4cagl9d16aarccswb20bv22vt` (`user_id`),
  CONSTRAINT `FK4cagl9d16aarccswb20bv22vt` FOREIGN KEY (`user_id`) REFERENCES `users` (`id`),
  CONSTRAINT `FKe86idy8vjxn4f28wmd22lgtqg` FOREIGN KEY (`attraction_id`) REFERENCES `attraction` (`id`)
) ENGINE=InnoDB AUTO_INCREMENT=125 DEFAULT CHARSET=utf8 COLLATE=utf8_hungarian_ci;
/*!40101 SET character_set_client = @saved_cs_client */;

--
-- Dumping data for table `rating`
--

INSERT INTO `rating` (`id`, `rating`, `attraction_id`, `user_id`) VALUES (5,3,5,5),(15,4,275,5),(25,3,375,5),(35,5,385,5),(45,4,405,5),(65,4,445,25),(75,5,455,25),(85,4,385,15),(95,2,265,15),(105,2,25,15),(115,5,35,15);

--
-- Table structure for table `saved_attraction`
--

/*!40101 SET @saved_cs_client     = @@character_set_client */;
 SET character_set_client = utf8mb4 ;
CREATE TABLE `saved_attraction` (
  `id` bigint(20) NOT NULL AUTO_INCREMENT,
  `attraction_id` bigint(20) DEFAULT NULL,
  `user_id` bigint(20) DEFAULT NULL,
  PRIMARY KEY (`id`),
  KEY `FKiu6dwoeyd3lvne3ptv508c3r` (`attraction_id`),
  KEY `FKrv3tcx2vcu5ubtyd0b7w3gdbm` (`user_id`),
  CONSTRAINT `FKiu6dwoeyd3lvne3ptv508c3r` FOREIGN KEY (`attraction_id`) REFERENCES `attraction` (`id`),
  CONSTRAINT `FKrv3tcx2vcu5ubtyd0b7w3gdbm` FOREIGN KEY (`user_id`) REFERENCES `users` (`id`)
) ENGINE=InnoDB AUTO_INCREMENT=185 DEFAULT CHARSET=utf8 COLLATE=utf8_hungarian_ci;
/*!40101 SET character_set_client = @saved_cs_client */;

--
-- Dumping data for table `saved_attraction`
--

INSERT INTO `saved_attraction` (`id`, `attraction_id`, `user_id`) VALUES (125,445,25),(135,455,25),(175,285,5);

--
-- Table structure for table `type`
--

/*!40101 SET @saved_cs_client     = @@character_set_client */;
 SET character_set_client = utf8mb4 ;
CREATE TABLE `type` (
  `id` bigint(20) NOT NULL AUTO_INCREMENT,
  `name` varchar(255) COLLATE utf8_hungarian_ci DEFAULT NULL,
  PRIMARY KEY (`id`)
) ENGINE=InnoDB AUTO_INCREMENT=136 DEFAULT CHARSET=utf8 COLLATE=utf8_hungarian_ci;
/*!40101 SET character_set_client = @saved_cs_client */;

--
-- Dumping data for table `type`
--

INSERT INTO `type` (`id`, `name`) VALUES (5,'múzeum'),(15,'vár'),(25,'emlékmű'),(35,'tér'),(45,'vallás'),(55,'park'),(65,'épület'),(75,'állatkert'),(85,'híd'),(95,'kút'),(105,'szobor'),(115,'fürdő'),(125,'út'),(135,'városrész');

--
-- Table structure for table `users`
--

/*!40101 SET @saved_cs_client     = @@character_set_client */;
 SET character_set_client = utf8mb4 ;
CREATE TABLE `users` (
  `id` bigint(20) NOT NULL AUTO_INCREMENT,
  `email` varchar(255) COLLATE utf8_hungarian_ci DEFAULT NULL,
  `enabled` bit(1) NOT NULL,
  `google_id` varchar(255) COLLATE utf8_hungarian_ci DEFAULT NULL,
  `password` varchar(255) COLLATE utf8_hungarian_ci DEFAULT NULL,
  `username` varchar(255) COLLATE utf8_hungarian_ci DEFAULT NULL,
  `verification_code` varchar(255) COLLATE utf8_hungarian_ci DEFAULT NULL,
  PRIMARY KEY (`id`),
  UNIQUE KEY `UK_6dotkott2kjsp8vw4d0m25fb7` (`email`),
  UNIQUE KEY `UK_r43af9ap4edm43mmtq01oddj6` (`username`)
) ENGINE=InnoDB AUTO_INCREMENT=26 DEFAULT CHARSET=utf8 COLLATE=utf8_hungarian_ci;
/*!40101 SET character_set_client = @saved_cs_client */;

--
-- Dumping data for table `users`
--

INSERT INTO `users` (`id`, `email`, `enabled`, `google_id`, `password`, `username`, `verification_code`) VALUES (5,'alma@gmail.com',0x01,NULL,'5b4ba3f8eb687e3a46c9b4d5ba8702f8dc794546d60662213eed07a20117854a934e0aebcfbe0243','user',NULL),(15,'dobi4554@gmail.com',0x01,'111332295142195851870','3b6c7dbfc2d2703d5f511a97eae18e4c7eefb0b7d205f7771256f1d3ea305399cefe688ffbac1bcd','Richard B.',NULL),(25,'dmymjysp@supersave.net',0x01,NULL,'3b703600bf0f42149df33f9a6b17b820d0bbe8eb82e845f599a242111be3f875b9bf76a8a0336db7','aalma','');

--
-- Table structure for table `users_roles`
--

/*!40101 SET @saved_cs_client     = @@character_set_client */;
 SET character_set_client = utf8mb4 ;
CREATE TABLE `users_roles` (
  `users_username` bigint(20) NOT NULL,
  `roles_id` bigint(20) NOT NULL,
  KEY `FKp1iwgu4xt7b1ythnudi7wb4tv` (`roles_id`),
  KEY `FK6tadw9tnumpt8xj18t9pj9u63` (`users_username`),
  CONSTRAINT `FK6tadw9tnumpt8xj18t9pj9u63` FOREIGN KEY (`users_username`) REFERENCES `users` (`id`),
  CONSTRAINT `FKp1iwgu4xt7b1ythnudi7wb4tv` FOREIGN KEY (`roles_id`) REFERENCES `authorities` (`id`)
) ENGINE=InnoDB DEFAULT CHARSET=utf8 COLLATE=utf8_hungarian_ci;
/*!40101 SET character_set_client = @saved_cs_client */;

--
-- Dumping data for table `users_roles`
--

INSERT INTO `users_roles` (`users_username`, `roles_id`) VALUES (5,5),(5,15),(25,15),(15,15),(15,5);

--
-- Dumping routines for database 'heroku_f9eb2ac5979bc82'
--
/*!40103 SET TIME_ZONE=@OLD_TIME_ZONE */;

/*!40101 SET SQL_MODE=@OLD_SQL_MODE */;
/*!40014 SET FOREIGN_KEY_CHECKS=@OLD_FOREIGN_KEY_CHECKS */;
/*!40014 SET UNIQUE_CHECKS=@OLD_UNIQUE_CHECKS */;
/*!40101 SET CHARACTER_SET_CLIENT=@OLD_CHARACTER_SET_CLIENT */;
/*!40101 SET CHARACTER_SET_RESULTS=@OLD_CHARACTER_SET_RESULTS */;
/*!40101 SET COLLATION_CONNECTION=@OLD_COLLATION_CONNECTION */;
/*!40111 SET SQL_NOTES=@OLD_SQL_NOTES */;

-- Dump completed on 2021-05-21 20:21:23
